--------------------------------------------------------------------------------
-- Jeu de donnEes
--
-- Ce fichier contient l'initialisation d'un jeu de donnEes à destination de
-- trois environnements distincts :
--   * l'environnement de dEveloppement,
--   * l'environnement de dEmonstration,
--   * l'environnement de tests.
--
-- GEnEration de ce fichier : voir le fichier make_init.sh et faire un meld
--
-- @package openelec
-- @version SVN : $Id$
--------------------------------------------------------------------------------

--
-- PostgreSQL database dump
--

--
-- Data for Name: canton; Type: TABLE DATA; Schema: public; Owner: -
--

COPY canton (id, code, libelle) FROM stdin;
121	01	CANTON DE LIBREVILLE
\.


COPY circonscription (id, code, libelle) FROM stdin;
214	01	CIRCONSCRIPTION DE LIBREVILLE
\.

--
-- Data for Name: bureau; Type: TABLE DATA; Schema: public; Owner: -
--

COPY bureau (id, code, libelle, adresse1, adresse2, adresse3, canton, circonscription, om_collectivite) FROM stdin;
101	1	HOTEL DE VILLE	RUE DE LA REPUBLIQUE	35210 LIBREVILLE		121	214	1
102	2	ECOLE MATERNELLE	AVENUE DU HUIT MAI	35210 LIBREVILLE		121	214	1
103	3	SALLE DES FETES	BOULEVARD MAQUIS MARCEAU	35210 LIBREVILLE		121	214	1
\.


--
-- Data for Name: archive; Type: TABLE DATA; Schema: public; Owner: -
--

COPY archive (id, types, electeur_id, liste, bureau_de_vote_code, bureauforce, numero_bureau, date_modif, utilisateur, civilite, sexe, nom, nom_usage, prenom, date_naissance, code_departement_naissance, libelle_departement_naissance, code_lieu_de_naissance, libelle_lieu_de_naissance, code_nationalite, code_voie, libelle_voie, numero_habitation, complement_numero, complement, provenance, libelle_provenance, ancien_bureau_de_vote_code, observation, resident, adresse_resident, complement_resident, cp_resident, ville_resident, tableau, date_tableau, envoi_cnen, date_cnen, mouvement, typecat, date_mouvement, etat, om_collectivite) FROM stdin;
1	PI	100033	01	1	Non	0	2012-10-12	demo	M.	M	ANATOLE		DENIS	1994-10-04	60	OISE	60 001	ABANCOURT	FRA	2	AVENUE DE LA LIBERATION	12							Non					annuel    	2013-01-10	8  	2012-10-12	65		2012-10-12	trs	1
2	CC	100026	01	2	Non	0	2012-04-13	demo	M.	M	BARBOTIN		TOTO	1955-03-14	17	CHARENTE-MARITIME	17 019	ARS-EN-RE	FRA	3	RUE CHARLES DE GAULLE	11			17 019	ARS-EN-RE			Non					annuel    	2013-01-10	4  	2012-04-28	43		2012-10-12	trs	1
3	DN	100026	01	2	Non	1	2012-04-24	demo	M.	M	BARBOTIN		TOTO	1955-03-14	17	CHARENTE-MARITIME	17 019	ARS-EN-RE	FRA	3	RUE CHARLES DE GAULLE	11			17 019	ARS-EN-RE	2		Non					annuel    	2013-01-10	   	\N	45		2012-10-12	trs	1
4	IO	100034	01	1	Oui	0	2012-08-22	demo	M.	M	BIG		BOB	1983-01-01	67	BAS-RHIN	67 001	ACHENHEIM	FRA	1	RUE DE L'HOTEL DE VILLE	5							Non					annuel    	2013-01-10	7  	2012-08-30	62		2012-10-12	trs	1
5	DN	100009	01	1	Non	2	2012-05-27	demo	Mme	F	CHOLLET		ALIX	1965-10-06	05	HAUTES-ALPES	05 166	SERRES	FRA	1	RUE DE L'HOTEL DE VILLE	3	quater				1		Non					j5        	2013-01-10	   	\N	50		2012-10-12	trs	1
6	PI	100035	01	2	Non	0	2012-09-06	demo	M.	M	COUJOU		DENIS	1990-09-15	32	GERS	32 012	AUBIET	FRA	3	RUE CHARLES DE GAULLE	12							Non					annuel    	2013-01-10	8  	2012-10-12	64		2012-10-12	trs	1
7	CB	100010	01	1	Non	0	2012-05-31	demo	Mlle	F	DANIEL		EMILIE	1976-01-29	14	CALVADOS	14 654	SAINT-PIERRE-SUR-DIVES	FRA	1	RUE DE L'HOTEL DE VILLE	10			13 004	ARLES	3		Non					annuel    	2013-01-10	   	\N	52		2012-10-12	trs	1
8	DC	100028	01	2	Oui	1	2012-06-13	demo	M.	M	DETU		JOEL	1980-12-12	40	LANDES	40 088	DAX	FRA	3	RUE CHARLES DE GAULLE	0			64 102	BAYONNE	2		Non	RUE LIBOURNE		33300	AUBRAC	annuel    	2013-01-10	6  	2012-07-18	55		2012-10-12	trs	1
9	IJ	100028	01	2	Oui	0	2012-04-24	demo	M.	M	DETU		JOEL	1980-12-12	40	LANDES	40 088	DAX	FRA	3	RUE CHARLES DE GAULLE	0			64 102	BAYONNE			Non	RUE LIBOURNE		33300	AUBRAC	annuel    	2013-01-10	4  	2012-04-28	44		2012-10-12	trs	1
10	DC	100019	01	1	Oui	4	2012-07-21	demo	M.	M	DUPONT		JEAN	1968-05-20	13	BOUCHES-DU-RHONE	13 040	FUVEAU	FRA	7	RUE BASSE	20					1		Oui	12 AVENUE DE LA LIBERATION		35210	LIBREVILLE	annuel    	2013-01-10	7  	2012-08-30	61		2012-10-12	trs	1
11	220	100025	01	1	Oui	0	2012-04-11	sophie	M.	M	DUPONT		JEAN	1994-03-18	13	BOUCHES-DU-RHONE	13 055	MARSEILLE	FRA	7	RUE BASSE	12							Non					j5        	2013-01-10	4  	2012-04-28	40		2012-10-12	trs	1
12	CB	100019	01	1	Oui	3	2012-06-21	demo	M.	M	DUPONT		JEAN	1968-05-20	13	BOUCHES-DU-RHONE	13 040	FUVEAU	FRA	7	RUE BASSE	20					1		Oui	12 AVENUE DE LA LIBERATION		35210	LIBREVILLE	annuel    	2013-01-10	   	\N	57		2012-10-12	trs	1
13	CC	100029	01	1	Non	0	2012-05-31	demo	M.	M	DUPONT		RAOUL	1950-02-10	13	BOUCHES-DU-RHONE	13 005	AUBAGNE	FRA	1	RUE DE L'HOTEL DE VILLE	10		SOUS LE PONT	13 202	MARSEILLE 02			Non					annuel    	2013-01-10	5  	2012-06-02	51		2012-10-12	trs	1
14	DP	100029	01	1	Non	10	2012-06-21	demo	M.	M	DUPONT		RAOUL	1950-02-10	13	BOUCHES-DU-RHONE	13 005	AUBAGNE	FRA	1	RUE DE L'HOTEL DE VILLE	10		SOUS LE PONT	13 202	MARSEILLE 02	1		Non					annuel    	2013-01-10	6  	2012-07-18	58		2012-10-12	trs	1
15	240	100027	01	2	Oui	0	2012-04-11	sophie	Mlle	F	DURAND		CARINE	1994-05-20	75	PARIS	75 101	PARIS 1	FRA	1	RUE DE L'HOTEL DE VILLE	22							Non					annuel    	2013-01-10	4  	2012-04-28	41		2012-10-12	trs	1
16	DN	100001	01	1	Non	4	2012-04-11	sophie	M.	M	DURANTON		GERARD	1956-01-12	12	AVEYRON	12 010	ARQUES	FRA	2	AVENUE DE LA LIBERATION	4					1		Non					j5        	2013-01-10	   	\N	42		2012-10-12	trs	1
17	DI	100002	01	3	Non	1	2012-08-30	demo	M.	M	ENZOO		LUCAS	1990-09-02	13	BOUCHES-DU-RHONE	13 216	MARSEILLE 16	FRA	5	BOULEVARD MAQUIS MARCEAU	10					3		Non					annuel    	2013-01-10	8  	2012-10-12	63		2012-10-12	trs	1
18	CX	100022	01	3	Non	4	2012-10-12	demo	M.	M	MARAIS		RATIBA	1967-03-20	28	EURE-ET-LOIR	28 134	DREUX	FRA	5	BOULEVARD MAQUIS MARCEAU	21	5		35 024	BETTON	3		Non					annuel    	2013-01-10	   	\N	66		2012-10-12	trs	1
19	CX	100022	01	3	Non	5	2012-04-28	demo	M.	M	MARAIS		RATIBA	1967-03-20	28	EURE-ET-LOIR	28 134	DREUX	FRA	5	BOULEVARD MAQUIS MARCEAU	21	5		35 024	BETTON	3		Non					annuel    	2013-01-10	   	\N	49		2012-10-12	trs	1
20	CB	100023	01	2	Oui	0	2012-04-28	demo	Mme	F	MARAS		RATIBA	1982-01-18	10	AUBE	10 386	TROUANS	FRA	4	AVENUE DU HUIT MAI	10					2		Non					annuel    	2013-01-10	   	\N	48		2012-10-12	trs	1
21	CX	100023	01	2	Non	4	2012-04-24	demo	M.	M	MARCEL		JEAN	1982-01-18	10	AUBE	10 386	TROUANS	FRA	4	AVENUE DU HUIT MAI	10					2		Non					annuel    	2013-01-10	   	\N	46		2012-10-12	trs	1
22	IM	100030	01	1	Non	0	2012-06-13	demo	M.	M	TEST		TEST	1980-01-01	10	AUBE	10 387	TROYES	FRA	1	RUE DE L'HOTEL DE VILLE	1							Non					annuel    	2013-01-10	6  	2012-07-18	54		2012-10-12	trs	1
23	DP	100021	01	1	Oui	10	2012-06-23	demo	M.	M	TEST	T	TESTOU	1984-05-01	28	EURE-ET-LOIR	28 085	CHARTRES	FRA	1	RUE DE L'HOTEL DE VILLE	28	bis		13 001	AIX-EN-PROVENCE	1		Non					annuel    	2013-01-10	6  	2012-07-18	59		2012-10-12	trs	1
24	220	100032	01	1	Non	0	2012-06-14	demo	M.	M	TEST		TITI	1980-01-01	75	PARIS	75 101	PARIS 1	FRA	1	RUE DE L'HOTEL DE VILLE	1							Non					j5        	2013-01-10	6  	2012-07-18	56		2012-10-12	trs	1
25	PI	100031	01	1	Oui	0	2012-06-01	demo	M.	M	TRAWINSKI	FREDERIC	FREDERIC	1981-03-10	94	VAL-DE-MARNE	94 028	CRETEIL	FRA	2	AVENUE DE LA LIBERATION	5							Non					annuel    	2013-01-10	5  	2012-06-02	53		2012-10-12	trs	1
\.


--
-- Name: archive_seq; Type: SEQUENCE SET; Schema: public; Owner: -
--

SELECT pg_catalog.setval('archive_seq', 26, false);




--
-- Data for Name: electeur; Type: TABLE DATA; Schema: public; Owner: -
--

COPY electeur (id, liste, bureau, bureauforce, numero_bureau, date_modif, utilisateur, civilite, sexe, nom, nom_usage, prenom, date_naissance, code_departement_naissance, libelle_departement_naissance, code_lieu_de_naissance, libelle_lieu_de_naissance, code_nationalite, code_voie, libelle_voie, numero_habitation, complement_numero, complement, provenance, libelle_provenance, resident, adresse_resident, complement_resident, cp_resident, ville_resident, tableau, date_tableau, mouvement, date_mouvement, typecat, carte, procuration, jury, date_inscription, code_inscription, jury_effectif, date_jeffectif, om_collectivite, profession, motif_dispense_jury) FROM stdin;
100027	01	102	Oui	7	2012-04-11	sophie	Mlle	F	DURAND		CARINE	1994-05-20	75	PARIS	75 101	PARIS 1	FRA	1	RUE DE L'HOTEL DE VILLE	22					Non					annuel    	2013-01-10	240	2012-04-19		0	- Mandant MASSON DELPHINE (2) [01/01/2012-31/12/2014]	0	2012-04-19	240	non	\N	1	\N	\N
100024	03	101	Non	1	2012-03-13	demo	Mme	F	GARCIA MARTINEZ		MARIA	1990-03-10	99134	ESPAGNE	99134	MADRID (ESPAGNE)	ESP	1	RUE DE L'HOTEL DE VILLE	0					Non					annuel    	2012-01-10	PI	2012-03-13		0	\N	0	2012-03-13	PI	non	\N	1	\N	\N
100038	01	101	Non	10	2012-11-14	demo	M.	M	MANMAN		TEST	1995-02-19	10	AUBE	10 387	TROYES	FRA	1	RUE DE L'HOTEL DE VILLE	1					Non					j5        	2013-01-10	240	2013-01-08		0	\N	0	2013-01-08	240	non	\N	1	\N	\N
100043	01	102	Non	5	2012-11-15	demo	M.	M	DAVID		ROBERT	1980-12-21	77	SEINE-ET-MARNE	77 288	MELUN	ALL	3	RUE CHARLES DE GAULLE	6			11 161	GARDIE	Non					annuel    	2013-01-10	CC	2013-01-08		0	\N	0	2013-01-08	CC	non	\N	1	\N	\N
100035	01	102	Non	3	2012-09-06	demo	M.	M	MATHIAS		MATHIEU	1972-04-09	32	GERS	32 012	AUBIET	FRA	3	RUE CHARLES DE GAULLE	12					Non					annuel    	2013-01-10	PI	2012-10-12		0	\N	0	2012-10-12	PI	non	\N	1	\N	\N
100048	01	102	Non	8	2012-11-16	demo	M.	M	FABRE		LOIC	1994-06-26	59	NORD	59 350	LILLE	FRA	3	RUE CHARLES DE GAULLE	26			33 063	BORDEAUX	Non					annuel    	2013-01-10	PI	2013-01-08		0	\N	0	2013-01-08	PI	non	\N	1	\N	\N
100031	01	101	Oui	18	2012-06-01	demo	M.	M	TRAWINSKI	FREDERIC	FREDERIC	1981-03-10	94	VAL-DE-MARNE	94 028	CRETEIL	FRA	2	AVENUE DE LA LIBERATION	5					Non					annuel    	2013-01-10	PI	2012-06-13		0	\N	0	2012-06-13	PI	non	\N	1	\N	\N
100014	01	101	Non	12	2011-10-07	demo	M.	M	MAURY		DAVID	1954-01-03	65	HAUTES-PYRENEES	65 011	LES ANGLES	FRA	1	RUE DE L'HOTEL DE VILLE	144	C				Non					annuel    	2000-01-10	PI	2011-10-07		0	\N	1	1999-12-11	PI	non	\N	1	\N	\N
100005	01	103	Non	2	2011-10-07	demo	M.	M	MICHEL		JACQUES	1968-01-30	26	DROME	26 155	LAPEYROUSE-MORNAY	FRA	6	PLACE CASTELLANE	0					Non					annuel    	1999-01-10	PI	2011-10-07		0		0	1998-12-20	PI	oui	2012-09-01	1	\N	\N
100016	01	101	Non	13	2011-10-07	demo	M.	M	SEMOUR		HABIB	1968-10-05	971	GUADELOUPE	97 103	BAIE MAHAULT	FRA	2	AVENUE DE LA LIBERATION	2					Non					annuel    	2000-01-10	PI	2011-10-07		0	\N	0	1999-12-11	PI	non	\N	1	\N	\N
100042	01	102	Non	4	2012-11-15	demo	M.	M	DADOU		DAVID	1979-12-11	13	BOUCHES-DU-RHONE	13 055	MARSEILLE	FRA	3	RUE CHARLES DE GAULLE	6			13 005	AUBAGNE	Non					annuel    	2013-01-10	CC	2013-01-08		0	\N	0	2013-01-08	CC	non	\N	1	\N	\N
100050	01	101	Non	14	2012-11-29	demo	M.	M	TARTINE		JEANNE	1970-01-01	13	BOUCHES-DU-RHONE	13 016	LA BOUILLADISSE	FRA	1	RUE DE L'HOTEL DE VILLE	12			13 201	MARSEILLE 01	Non					annuel    	2013-01-10	CC	2013-01-08		0	\N	0	2013-01-08	CC	non	\N	1	\N	\N
100037	01	101	Oui	15	2012-12-14	demo	M.	M	TEST		EE	1981-12-09	20	CORSE	20 004	AJACCIO	FRA	3	RUE CHARLES DE GAULLE	1		AAAAAAA			Non					j5        	2013-01-10	IO	2012-12-19		0	\N	0	2012-12-19	IO	non	\N	1	\N	\N
100023	01	102	Oui	10	2012-04-28	demo	Mme	F	MARAS		RATIBA	1982-01-18	10	AUBE	10 386	TROUANS	FRA	4	AVENUE DU HUIT MAI	10					Non					annuel    	2013-01-10	CB	2012-06-13		0	\N	1	2012-01-03	PI	non	\N	1	\N	\N
100018	01	102	Non	13	2011-10-07	demo	Mlle	F	PINEAU		NOEMIE	1989-02-12	17	CHARENTE-MARITIME	17 084	CHAMPAGNOLLES	FRA	4	AVENUE DU HUIT MAI	198	N	CHEZ MR DUPONT			Non					annuel    	2012-01-10	IO	2011-10-12		0	\N	0	2011-10-12	IO	non	\N	1	\N	\N
100052	01	102	Non	16	2013-01-08	demo	Mme	F	VITOBELLO		MARYSE	1956-12-01	13	BOUCHES-DU-RHONE	13 055	MARSEILLE	FRA	3	RUE CHARLES DE GAULLE	6			13 028	LA CIOTAT	Non					annuel    	2013-01-10	CC	2013-01-08		0	\N	0	2013-01-08	CC	non	\N	1	\N	\N
100007	01	102	Non	14	2012-12-21	demo	Mme	F	RAUSCHENBERG	DUPONT	AMANDINE	1992-03-07	30	GARD	30 026	AVEZE	FRA	4	AVENUE DU HUIT MAI	52					Non					annuel    	2013-01-10	EC	2013-01-08		0	\N	0	1998-12-20	PI	non	\N	1	\N	\N
100051	01	102	Non	15	2012-11-16	demo	Mme	F	VENUS		ANDREE	1956-11-22	06	ALPES-MARITIMES	06 011	BEAULIEU-SUR-MER	FRA	3	RUE CHARLES DE GAULLE	32			06 004	ANTIBES	Non					annuel    	2013-01-10	CC	2013-01-08		0	\N	0	2013-01-08	CC	non	\N	1	\N	\N
100053	01	101	Oui	9	2013-02-01	demo	M.	M	LE GRASSE		ROGER-PIERRE	1981-06-28	67	BAS-RHIN	67 482	STRASBOURG	FRA	3	RUE CHARLES DE GAULLE	5					Non					j5        	2013-01-10	IO	2013-02-19		0	\N	0	2013-02-19	IO	non	\N	1	\N	\N
100049	01	102	Non	9	2012-12-18	demo	M.	M	LAURENT		PIERRE PAUL	1945-11-14	59	NORD	59 512	ROUBAIX	FRA	3	RUE CHARLES DE GAULLE	32			13 005	AUBAGNE	Non					annuel    	2013-01-10	CC	2013-01-08		0	\N	1	2013-01-08	CC	non	\N	1	\N	\N
100004	01	102	Non	11	2011-10-07	demo	Mme	F	MASSON	PERRIN	DELPHINE	1985-12-10	05	HAUTES-ALPES	05 006	L ARGENTIERE-LA-BESSEE	FRA	7	RUE BASSE	12	bis	APPT 12			Oui	10 RUE DE LA PAIX		75002	PARIS	annuel    	1999-01-10	PI	2011-10-07		0	- Mandataire DURAND CARINE (2) [01/01/2012-31/12/2014]	1	1998-12-20	PI	non	\N	1	\N	\N
100062	01	101	Non	20	2013-01-10	demo	M.	M	TARTINE		JOEL	1942-05-14	83	VAR	83 120	SAINT-ZACHARIE	FRA	1	RUE DE L'HOTEL DE VILLE	43			13 030	CUGES-LES-PINS	Non					annuel    	2013-01-10	CC	2013-03-26		0	\N	0	2013-03-26	CC	non	\N	1	\N	\N
100059	01	102	Non	18	2013-01-11	demo	M.	M	DUPONT		THOMAS	1960-01-01	13	BOUCHES-DU-RHONE	13 063	MIRAMAS	FRA	7	RUE BASSE	0					Non					annuel    	2013-01-10	PI	2013-03-26		0	\N	0	2013-03-26	PI	non	\N	1	\N	\N
100063	01	101	Non	21	2013-01-10	demo	Mme	F	VENISE		BERNADETTE	1946-06-24	13	BOUCHES-DU-RHONE	13 043	GIGNAC-LA-NERTHE	FRA	1	RUE DE L'HOTEL DE VILLE	15			34 032	BEZIERS	Non					annuel    	2013-01-10	CC	2013-03-26		0	\N	0	2013-03-26	CC	non	\N	1	\N	\N
100058	01	103	Non	6	2013-01-10	demo	M.	M	CAMILLE		LOUIS	1951-09-01	69	RHONE	69 383	LYON 03	FRA	6	PLACE CASTELLANE	3			31 555	TOULOUSE	Non	AV MARCEL PAUL		13	MARSEILLE	annuel    	2013-01-10	PI	2013-03-26		0	\N	0	2013-03-26	PI	non	\N	1	\N	\N
100060	01	101	Non	19	2013-01-10	demo	Mme	F	SAUVEUR		BEATRICE	1981-05-26	81	TARN	81 099	GAILLAC	FRA	2	AVENUE DE LA LIBERATION	10			34 172	MONTPELLIER	Non					annuel    	2013-01-10	CC	2013-03-26		0	\N	0	2013-03-26	CC	non	\N	1	\N	\N
100057	01	103	Non	5	2013-01-10	demo	M.	M	BELLOZ		PHILIPPE	1933-12-12	59	NORD	59 350	LILLE	BEL	5	BOULEVARD MAQUIS MARCEAU	1					Non					annuel    	2013-01-10	PI	2013-03-26		0	\N	0	2013-03-26	PI	non	\N	1	\N	\N
100056	01	101	Non	30	2013-05-31	demo	M.	M	RATHELOT		LUCAS	1992-08-15	44	LOIRE-ATLANTIQUE	44 084	LE LOROUX-BOTTEREAU	FRA	2	AVENUE DE LA LIBERATION	12			13 015	BOUC-BEL-AIR	Non					annuel    	2014-01-10	151	2013-05-31	radiation	0	\N	0	2013-03-26	CC	non	\N	1	\N	\N
100061	01	102	Non	19	2013-01-10	demo	M.	M	SOLEIL		GERARD	1940-01-01	13	BOUCHES-DU-RHONE	13 007	AURIOL	FRA	3	RUE CHARLES DE GAULLE	29			13 007	AURIOL	Non					annuel    	2013-01-10	PI	2013-03-26		0	\N	0	2013-03-26	PI	non	\N	1	\N	\N
100065	01	101	Oui	22	2012-02-02	demo	M.	M	DUPONT		JEAN	1992-03-12	13	BOUCHES-DU-RHONE	13 008	AURONS	FRA	1	RUE DE L'HOTEL DE VILLE	12					Non					annuel    	2012-01-10	PI	2013-04-04		0	\N	0	2013-04-04	PI	non	\N	1	\N	\N
100008	01	103	Non	4	2011-10-07	demo	M.	M	VIKTOR		PHILIPPE	1977-01-29	67	BAS-RHIN	67 017	BAERENDORF	FRA	5	BOULEVARD MAQUIS MARCEAU	24	C				Non					annuel    	1999-01-10	PI	2011-10-07		0	\N	0	1998-12-20	PI	non	\N	1	\N	\N
100030	01	101	Non	16	2013-04-11	demo	M.	M	TEST		TEST	1980-01-01	10	AUBE	10 387	TROYES	FRA	1	RUE DE L'HOTEL DE VILLE	1		COMPLEMENT AS			Non					annuel    	2014-01-10	CB	2013-05-02		0	\N	0	2012-06-13	IM	non	\N	1	\N	\N
100006	01	103	Non	3	2012-11-14	demo	Mlle	F	PERRIN	DUPONT	ESTHER	1985-10-04	13	BOUCHES-DU-RHONE	13 004	ARLES	FRA	5	BOULEVARD MAQUIS MARCEAU	2					Non					annuel    	2013-01-10	EC	2013-01-08		0	\N	0	1998-12-20	PI	non	\N	1	\N	\N
100022	01	101	Non	11	2012-10-24	demo	M.	M	MARAIS		RATIBA	1967-03-20	28	EURE-ET-LOIR	28 134	DREUX	FRA	1	RUE DE L'HOTEL DE VILLE	30			35 024	BETTON	Non					annuel    	2013-01-10	CB	2013-01-08		0	\N	0	2011-12-08	CC	non	\N	1	\N	\N
100015	01	102	Non	12	2011-10-07	demo	M.	M	MORRO		JACQUES	1977-10-25	13	BOUCHES-DU-RHONE	13 047	ISTRES	FRA	3	RUE CHARLES DE GAULLE	99	P				Non					annuel    	2000-01-10	PI	2011-10-07		0	\N	0	1999-12-11	PI	non	\N	1	\N	\N
100066	01	102	Oui	21	2012-01-05	demo	M.	M	MARTIN		JEAN	1920-01-16	44	LOIRE-ATLANTIQUE	44 162	SAINT-HERBLAIN	FRA	3	RUE CHARLES DE GAULLE	4			40 162	LUCBARDEZ-ET-BARGUES	Non					annuel    	2012-01-10	CC	2013-04-04		0	\N	1	2013-04-04	CC	non	\N	1	\N	\N
100064	01	102	Oui	20	2012-04-03	demo	M.	M	DUPOND		JEAN	1985-01-01	30	GARD	30 189	NIMES	FRA	2	AVENUE DE LA LIBERATION	15		06000 NICE			Non					annuel    	2012-01-10	PI	2013-04-04		0	\N	0	2013-04-04	PI	non	\N	1	\N	\N
100032	01	101	Non	17	2012-06-14	demo	M.	M	TEST		TITI	1980-01-01	75	PARIS	75 101	PARIS 1	FRA	1	RUE DE L'HOTEL DE VILLE	1					Non					j5        	2013-01-10	220	2012-06-14		0		1	2012-06-14	220	non	\N	1	\N	\N
100054	01	102	Oui	23	2013-05-29	demo	M.	M	ABAY		BARAN	1994-08-09	28	EURE-ET-LOIR	28 134	DREUX	FRA	3	RUE CHARLES DE GAULLE	25					Non					annuel    	2014-01-10	CB	2013-05-30		0	\N	0	2013-03-20	IO	non	\N	1	\N	\N
100070	01	101	Oui	25	2013-03-12	demo	M.	M	MARTIN		DAMIEN	1992-05-12	14	CALVADOS	14 118	CAEN	FRA	8	RUE DU MUGUET	4			14 118	CAEN	Non					annuel    	2013-02-28	CC	2013-04-04		0	\N	0	2013-04-04	CC	non	\N	1	\N	\N
100034	01	103	Non	8	2013-05-02	demo	M.	M	BIG		BOB	1983-01-01	67	BAS-RHIN	67 001	ACHENHEIM	FRA	5	BOULEVARD MAQUIS MARCEAU	15					Non					annuel    	2014-01-10		2013-05-02		0		0	2012-10-12	IO	oui	2013-02-01	1	\N	\N
100069	01	103	Non	7	2013-03-26	demo	Mlle	F	HANANE INNOVA	HANANE	INNOVA	1980-03-10	28	EURE-ET-LOIR	28 001	ABONDANT	FRA	5	BOULEVARD MAQUIS MARCEAU	0					Non					annuel    	2013-02-28	PI	2013-04-04		0	\N	0	2013-04-04	PI	non	\N	1	\N	\N
100047	01	101	Non	7	2012-12-06	demo	M.	M	DURAND		GEORGES	1968-05-20	74	HAUTE-SAVOIE	74 014	ARACHES	FRA	1	RUE DE L'HOTEL DE VILLE	12			74 014	ARACHES	Non					annuel    	2013-01-10	CC	2013-01-08		0	\N	0	2013-01-08	CC	non	\N	1	\N	\N
100074	01	101	Oui	28	2013-04-11	demo	M.	M	TEST		PRENOM	1970-04-03	64	PYRENEES-ATLANTIQUES	64 445	PAU	FRA	2	AVENUE DE LA LIBERATION	23		APPT 16 DOMAINE 'AAA'			Non					annuel    	2014-01-10	IO	2013-05-02		0	\N	0	2013-05-02	IO	non	\N	1	\N	\N
100073	01	102	Non	22	2013-04-09	demo	M.	M	DUPUY		JEREMY	1990-02-02	34	HERAULT	34 172	MONTPELLIER	FRA	8	RUE DU MUGUET	21					Non					annuel    	2014-01-10	PI	2013-05-02		0	\N	0	2013-05-02	PI	non	\N	1	\N	\N
100055	01	101	Non	2	2013-03-20	demo	M.	M	ABEUDJE		ALEXANDRE EHYGSENE	1994-08-04	28	EURE-ET-LOIR	28 134	DREUX	FRA	1	RUE DE L'HOTEL DE VILLE	12					Non					annuel    	2014-01-10		2013-03-20		0	\N	0	2013-03-20	IO	non	\N	1	\N	\N
100044	01	102	Non	24	2013-05-14	demo	M.	M	DUPONT		GILBERT	1965-02-15	74	HAUTE-SAVOIE	74 001	ABONDANCE	FRA	7	RUE BASSE	24	bis		74 001	ABONDANCE	Non					annuel    	2014-01-10	152	2013-05-30	modification	0	\N	0	2013-01-08	CC	non	\N	1	\N	\N
100068	01	101	Non	24	2013-04-04	demo	M.	M	AZERTY		FRANCOIS	1962-03-01	80	SOMME	80 010	AILLY-SUR-NOYE	FRA	2	AVENUE DE LA LIBERATION	38					Non					annuel    	2014-01-10	CB	2013-05-02		0	\N	0	2013-04-04	PI	non	\N	1	\N	\N
100072	01	101	Non	27	2013-04-22	demo	M.	M	DUPONT		JEAN	1970-04-19	13	BOUCHES-DU-RHONE	13 010	BARBENTANE	FRA	1	RUE DE L'HOTEL DE VILLE	10			26 001	AIX-EN-DIOIS	Non					annuel    	2014-01-10	220	2013-05-02		0	\N	1	2013-05-02	220	non	\N	1	\N	\N
100046	01	101	Non	6	2012-12-04	demo	M.	M	DUPONT		JEAN	1968-05-20	13	BOUCHES-DU-RHONE	13 040	FUVEAU	FRA	2	AVENUE DE LA LIBERATION	12			13 056	MARTIGUES	Non					annuel    	2013-01-10	CC	2013-01-08		0	\N	1	2013-01-08	CC	non	\N	1	\N	\N
100075	01	101	Non	29	2013-05-30	demo	M.	M	DURAND		JACQUES	1995-05-01	59	NORD	59 350	LILLE	FRA	2	AVENUE DE LA LIBERATION	34					Non					annuel    	2014-01-10	PI	2013-05-30		0	\N	0	2013-05-30	PI	non	\N	1	\N	\N
100076	01	102	Non	25	2013-05-31	demo	Mme	F	LACROIX		SOPHIE	1968-03-18	99441	ANTIGUA-ET-BARBUDA	99	BARBUDA	FRA	4	AVENUE DU HUIT MAI	5			75 001	ALFORTVILLE	Non					annuel    	2014-01-10	CC	2013-05-31		0	\N	0	2013-05-31	CC	non	\N	1	\N	\N
100077	01	103	Non	9	2013-05-31	demo	Mme	F	MALBRANQUE		BERNADETTE	1958-07-06	59	NORD	59 560	SECLIN	FRA	5	BOULEVARD MAQUIS MARCEAU	2			62 132	BILLY-BERCLAU	Non					annuel    	2014-01-10	CC	2013-05-31		0	\N	1	2013-05-31	CC	non	\N	1	\N	\N
100017	01	101	Oui	8	2011-10-12	demo	M.	M	JOJO		JEAN	1987-10-17	19	CORREZE	19 162	PERPEZAC-LE-NOIR	FRA	3	RUE CHARLES DE GAULLE	10	bis		03 001	ABREST	Non					annuel    	2012-01-10	CC	2011-10-12		0	\N	1	2011-10-12	CC	non	\N	1	\N	\N
\.


--
-- Name: electeur_seq; Type: SEQUENCE SET; Schema: public; Owner: -
--

SELECT pg_catalog.setval('electeur_seq', 100078, false);


--
-- Data for Name: mouvement; Type: TABLE DATA; Schema: public; Owner: -
--

COPY mouvement (id, etat, liste, types, electeur_id, bureau, bureau_de_vote_code, bureauforce, numero_bureau, date_modif, utilisateur, civilite, sexe, nom, nom_usage, prenom, date_naissance, code_departement_naissance, libelle_departement_naissance, code_lieu_de_naissance, libelle_lieu_de_naissance, code_nationalite, code_voie, libelle_voie, numero_habitation, complement_numero, complement, provenance, libelle_provenance, ancien_bureau_de_vote_code, observation, resident, adresse_resident, complement_resident, cp_resident, ville_resident, tableau, date_j5, date_tableau, envoi_cnen, date_cnen, om_collectivite) FROM stdin;
103	trs	01	DM	100020	103	3	Non	1	2013-01-10	demo	Mme	F	LACROIX	CADET	SOPHIE	1968-03-18	75	PARIS	75 112	PARIS 12	FRA	5	BOULEVARD MAQUIS MARCEAU	1255			13 056	MARTIGUES	3		Non					j5        	2013-02-19	2013-01-10	\N	\N	1
107	actif	02	DM	0	101	1	Oui	0	2013-03-01	demo	Mme	F	DOMANI		CARLA	1953-07-25	99127	ITALIE	99	MILAN	ITA	1	RUE DE L'HOTEL DE VILLE	2	bis						Non					annuel    	\N	2013-01-10	\N	\N	1
12	trs	01	PI	100009	101	1	Non	0	2011-10-07	demo	Mme	F	CHOLLET		ALIX	1965-10-06	05	HAUTES-ALPES	05 166	SERRES	FRA	1	RUE DE L'HOTEL DE VILLE	3	quater						Non					annuel    	2011-10-07	2000-01-10	\N	\N	1
11	trs	01	CC	100010	103	3	Non	0	2011-10-07	demo	Mlle	F	DANIEL		EMILIE	1976-01-29	14	CALVADOS	14 654	SAINT-PIERRE-SUR-DIVES	FRA	5	BOULEVARD MAQUIS MARCEAU	145			13 004	ARLES			Non					annuel    	2011-10-07	2000-01-10	\N	\N	1
17	trs	01	PI	100012	102	2	Non	0	2011-10-07	demo	Mlle	F	EMMA		ROMANE	1977-10-31	30	GARD	30 127	GAUJAC	FRA	4	AVENUE DU HUIT MAI	6							Non					annuel    	2011-10-07	2000-01-10	\N	\N	1
16	trs	01	CC	100013	103	3	Non	0	2011-10-07	demo	Mme	F	LEDUC	MILLET	CANDICE	1965-06-14	99134	ESPAGNE	99134	MADRID (ESPAGNE)	FRA	6	PLACE CASTELLANE	156			16 002	LES ADJOTS			Non					annuel    	2011-10-07	2000-01-10	\N	\N	1
6	trs	01	PI	100000	101	1	Non	0	2011-10-07	demo	Mme	F	ALEXANDRE		LEA	1990-10-30	13	BOUCHES-DU-RHONE	13 056	MARTIGUES	FRA	1	RUE DE L'HOTEL DE VILLE	2	bis						Non					annuel    	2011-10-07	1999-01-10	\N	\N	1
8	trs	01	PI	100003	102	2	Non	0	2011-10-07	demo	Mlle	F	FLEURY		MELISSA	1945-03-14	87	HAUTE-VIENNE	87 085	LIMOGES	FRA	8	RUE DU MUGUET	156		CHEZ MR DURAND					Non					annuel    	2011-10-07	1999-01-10	\N	\N	1
3	trs	01	PI	100004	102	2	Non	0	2011-10-07	demo	Mme	F	MASSON	PERRIN	DELPHINE	1985-12-10	05	HAUTES-ALPES	05 006	L ARGENTIERE-LA-BESSEE	FRA	7	RUE BASSE	12	bis	APPT 12					Oui	10 RUE DE LA PAIX		75002	PARIS	annuel    	2011-10-07	1999-01-10	\N	\N	1
123	trs	01	IO	100054	101	1	Non	0	2013-03-20	demo	M.	M	ABAY		BARAN	1994-08-09	28	EURE-ET-LOIR	28 134	DREUX	FRA	1	RUE DE L'HOTEL DE VILLE	16							Non					annuel    	2013-03-20	2014-01-10	10 	2013-03-20	1
5	trs	01	PI	100006	103	3	Non	0	2011-10-07	demo	Mlle	F	PERRIN		ESTHER	1985-10-04	13	BOUCHES-DU-RHONE	13 004	ARLES	FRA	5	BOULEVARD MAQUIS MARCEAU	2							Non					annuel    	2011-10-07	1999-01-10	\N	\N	1
7	trs	01	PI	100007	102	2	Non	0	2011-10-07	demo	Mlle	F	RAUSCHENBERG		AMANDINE	1992-03-07	30	GARD	30 026	AVEZE	FRA	4	AVENUE DU HUIT MAI	52							Non					annuel    	2011-10-07	1999-01-10	\N	\N	1
115	trs	01	CC	100056	102	2	Non	0	2013-02-19	demo	M.	M	AUBAGNE		JEAN	1968-10-25	44	LOIRE-ATLANTIQUE	44 084	LE LOROUX-BOTTEREAU	FRA	3	RUE CHARLES DE GAULLE	10			13 015	BOUC-BEL-AIR			Non					annuel    	2013-03-26	2013-01-10	\N	\N	1
33	trs	01	DM	100000	101	1	Non	1	2012-01-28	demo	Mme	F	ALEXANDRE		LEA	1990-10-30	13	BOUCHES-DU-RHONE	13 056	MARTIGUES	FRA	1	RUE DE L'HOTEL DE VILLE	20	bis				1		Non					annuel    	2013-04-04	2012-01-10	\N	\N	1
119	trs	01	CC	100070	101	1	Oui	0	2013-03-12	demo	M.	M	MARTIN		DAMIEN	1992-05-12	14	CALVADOS	14 118	CAEN	FRA	8	RUE DU MUGUET	4			14 118	CAEN			Non					annuel    	2013-04-04	2013-02-28	\N	\N	1
135	trs	01	CB	100068	101	1	Non	24	2013-04-04	demo	M.	M	AZERTY		FRANCOIS	1962-03-01	80	SOMME	80 010	AILLY-SUR-NOYE	FRA	2	AVENUE DE LA LIBERATION	38					1		Non					annuel    	2013-05-02	2014-01-10	\N	\N	1
131	trs	01	CB	100034	103	3	Non	0	2013-05-02	demo	M.	M	BIG		BOB	1983-01-01	67	BAS-RHIN	67 001	ACHENHEIM	FRA	5	BOULEVARD MAQUIS MARCEAU	15					1		Non					annuel    	2013-05-02	2014-01-10	\N	\N	1
19	trs	01	DP	100012	102	2	Non	5	2011-10-07	demo	Mlle	F	EMMA		ROMANE	1977-10-31	30	GARD	30 127	GAUJAC	FRA	4	AVENUE DU HUIT MAI	6					2		Non					annuel    	2011-10-12	2012-01-10	1  	2011-10-25	1
22	trs	01	CC	100020	103	3	Non	0	2011-10-20	demo	Mme	F	LACROIX	CADET	SOPHIE	1968-03-18	75	PARIS	75 112	PARIS 12	FRA	5	BOULEVARD MAQUIS MARCEAU	1255			13 056	MARTIGUES			Non					annuel    	2011-11-21	2012-01-10	1  	2011-10-25	1
20	trs	01	IO	100018	102	2	Non	0	2011-10-07	demo	Mlle	F	PINEAU		NOEMIE	1989-02-12	17	CHARENTE-MARITIME	17 084	CHAMPAGNOLLES	FRA	4	AVENUE DU HUIT MAI	198	N	CHEZ MR DUPONT					Non					annuel    	2011-10-12	2012-01-10	1  	2011-10-25	1
23	trs	01	CB	100000	101	1	Non	1	2011-11-15	demo	Mme	F	ALEXANDRE		LEA	1990-10-30	13	BOUCHES-DU-RHONE	13 056	MARTIGUES	FRA	1	RUE DE L'HOTEL DE VILLE	20	bis				1		Non					annuel    	2011-11-21	2012-01-10	\N	\N	1
29	trs	01	EC	100000	101	1	Non	1	2011-12-12	demo	Mme	F	ALEXANDRE		LEA	1990-10-30	13	BOUCHES-DU-RHONE	13 056	MARTIGUES	FRA	1	RUE DE L'HOTEL DE VILLE	20	bis				1		Non					annuel    	2011-12-20	2012-01-10	\N	\N	1
104	actif	02	CC	0	101	1	Non	0	2013-01-11	demo	M.	M	ZAMORA		ALBERT	1953-01-12	59	NORD	59 512	ROUBAIX	BEL	1	RUE DE L'HOTEL DE VILLE	106			13 007	AURIOL			Non					annuel    	\N	2013-01-10	\N	\N	1
15	trs	01	PI	100011	101	1	Non	0	2011-10-07	demo	M.	M	ELLERI		RAPHAEL	1959-10-28	83	VAR	83 065	GASSIN	FRA	2	AVENUE DE LA LIBERATION	54	ter						Non					annuel    	2011-10-07	2000-01-10	\N	\N	1
1	trs	01	PI	100001	102	2	Non	0	2011-10-07	admin	M.	M	DURANTON		GERARD	1956-01-12	12	AVEYRON	12 010	ARQUES	FRA	3	RUE CHARLES DE GAULLE	0							Non					annuel    	2011-10-07	1999-01-10	\N	\N	1
4	trs	01	PI	100002	103	3	Non	0	2011-10-07	demo	M.	M	ENZO		LUCAS	1990-09-02	13	BOUCHES-DU-RHONE	13 216	MARSEILLE 16	FRA	5	BOULEVARD MAQUIS MARCEAU	10							Non					annuel    	2011-10-07	1999-01-10	\N	\N	1
2	trs	01	PI	100005	103	3	Non	0	2011-10-07	demo	M.	M	MICHEL		JACQUES	1968-01-30	26	DROME	26 155	LAPEYROUSE-MORNAY	FRA	6	PLACE CASTELLANE	0							Non					annuel    	2011-10-07	1999-01-10	\N	\N	1
9	trs	01	PI	100008	103	3	Non	0	2011-10-07	demo	M.	M	VIKTOR		PHILIPPE	1977-01-29	67	BAS-RHIN	67 017	BAERENDORF	FRA	5	BOULEVARD MAQUIS MARCEAU	24	C						Non					annuel    	2011-10-07	1999-01-10	\N	\N	1
14	trs	01	PI	100014	101	1	Non	0	2011-10-07	demo	M.	M	MAURY		DAVID	1954-01-03	65	HAUTES-PYRENEES	65 011	LES ANGLES	FRA	1	RUE DE L'HOTEL DE VILLE	144	C						Non					annuel    	2011-10-07	2000-01-10	\N	\N	1
13	trs	01	PI	100015	102	2	Non	0	2011-10-07	demo	M.	M	MORRO		JACQUES	1977-10-25	13	BOUCHES-DU-RHONE	13 047	ISTRES	FRA	3	RUE CHARLES DE GAULLE	99	P						Non					annuel    	2011-10-07	2000-01-10	\N	\N	1
10	trs	01	PI	100016	101	1	Non	0	2011-10-07	demo	M.	M	SEMOUR		HABIB	1968-10-05	971	GUADELOUPE	97 103	BAIE MAHAULT	FRA	2	AVENUE DE LA LIBERATION	2							Non					annuel    	2011-10-07	2000-01-10	\N	\N	1
21	trs	01	CC	100017	101	1	Oui	0	2011-10-12	demo	M.	M	JOJO		JEAN	1987-10-17	19	CORREZE	19 162	PERPEZAC-LE-NOIR	FRA	3	RUE CHARLES DE GAULLE	10	bis		03 001	ABREST			Non					annuel    	2011-10-12	2012-01-10	1  	2011-10-25	1
18	trs	01	CB	100001	101	1	Non	0	2011-10-07	demo	M.	M	DURANTON		GERARD	1956-01-12	12	AVEYRON	12 010	ARQUES	FRA	2	AVENUE DE LA LIBERATION	4					2		Non					annuel    	2011-10-12	2012-01-10	\N	\N	1
30	trs	01	PI	100023	102	2	Non	0	2012-01-03	demo	M.	M	MARCEL		JEAN	1982-01-18	10	AUBE	10 387	TROYES	FRA	4	AVENUE DU HUIT MAI	10							Non					annuel    	2012-01-03	2012-01-10	3  	2012-01-03	1
24	trs	01	PI	100019	101	1	Oui	0	2011-10-21	admin	M.	M	DUPONT		JEAN	1968-05-20	13	BOUCHES-DU-RHONE	13 040	FUVEAU	FRA	2	AVENUE DE LA LIBERATION	12							Oui	12 AVENUE DE LA LIBERATION		35210	LIBREVILLE	annuel    	2011-11-21	2012-01-10	1  	2011-10-25	1
25	trs	01	EC	100002	103	3	Non	1	2011-10-21	admin	M.	M	ENZOO		LUCAS	1990-09-02	13	BOUCHES-DU-RHONE	13 216	MARSEILLE 16	FRA	5	BOULEVARD MAQUIS MARCEAU	10					3		Non					annuel    	2011-11-21	2012-01-10	\N	\N	1
28	trs	01	CC	100022	103	3	Non	0	2011-11-22	demo	M.	M	LEMRAY		FRANCK YVAN GEORGES	1967-03-20	28	EURE-ET-LOIR	28 134	DREUX	FRA	5	BOULEVARD MAQUIS MARCEAU	21			35 024	BETTON			Non					annuel    	2011-12-08	2012-01-10	3  	2012-01-03	1
27	trs	01	CC	100021	101	1	Oui	0	2011-11-15	demo	M.	M	TEST	T	TESTOU	1984-05-01	28	EURE-ET-LOIR	28 085	CHARTRES	FRA	1	RUE DE L'HOTEL DE VILLE	28	bis		13 001	AIX-EN-PROVENCE			Non					annuel    	2011-11-21	2012-01-10	3  	2012-01-03	1
108	actif	03	PI	0	101	1	Non	0	2013-01-11	demo	M.	M	ROUBAUD		WILFRID	1953-09-03	99132	ROYAUME-UNI	99	LONDRE	GB	1	RUE DE L'HOTEL DE VILLE	42							Non					annuel    	\N	2013-01-10	\N	\N	1
37	trs	03	PI	100024	101	1	Non	0	2012-03-13	demo	Mme	F	GARCIA MARTINEZ		MARIA	1990-03-10	99134	ESPAGNE	99134	MADRID (ESPAGNE)	ESP	1	RUE DE L'HOTEL DE VILLE	0							Non					annuel    	2012-03-13	2012-01-10	\N	\N	1
34	trs	01	PI	100065	101	1	Oui	0	2012-02-02	demo	M.	M	DUPONT		JEAN	1992-03-12	13	BOUCHES-DU-RHONE	13 008	AURONS	FRA	1	RUE DE L'HOTEL DE VILLE	12							Non					annuel    	2013-04-04	2012-01-10	\N	\N	1
124	trs	01	IO	100055	101	1	Non	0	2013-03-20	demo	M.	M	ABEUDJE		ALEXANDRE EHYGSENE	1994-08-04	28	EURE-ET-LOIR	28 134	DREUX	FRA	1	RUE DE L'HOTEL DE VILLE	12							Non					annuel    	2013-03-20	2014-01-10	10 	2013-03-20	1
39	trs	01	PI	100064	102	2	Oui	0	2012-04-03	demo	M.	M	DUPOND		JEAN	1985-01-01	30	GARD	30 189	NIMES	FRA	2	AVENUE DE LA LIBERATION	15		06000 NICE					Non					annuel    	2013-04-04	2012-01-10	\N	\N	1
32	trs	01	CC	100066	102	2	Oui	0	2012-01-05	demo	M.	M	MARTIN		JEAN	1920-01-16	44	LOIRE-ATLANTIQUE	44 162	SAINT-HERBLAIN	FRA	3	RUE CHARLES DE GAULLE	4			40 162	LUCBARDEZ-ET-BARGUES			Non					annuel    	2013-04-04	2012-01-10	\N	\N	1
116	trs	01	IO	100067	101	1	Oui	0	2013-03-07	demo	M.	M	ALBERT		CHRISTOPHE	1974-07-07	80	SOMME	80 021	AMIENS	FRA	2	AVENUE DE LA LIBERATION	38							Non					annuel    	2013-04-04	2013-02-28	9  	2013-03-07	1
47	actif	03	CC	0	103	3	Oui	0	2012-04-25	demo	Mme	F	LE JONCOUR		JOELLE MARIE	1966-04-01	29	FINISTERE	29 039	CONCARNEAU	FRA	1	RUE DE L'HOTEL DE VILLE	33			75 115	PARIS 15			Non					annuel    	\N	2013-01-10	\N	\N	1
136	trs	01	PI	100073	102	2	Non	0	2013-04-09	demo	M.	M	DUPUY		JEREMY	1990-02-02	34	HERAULT	34 172	MONTPELLIER	FRA	8	RUE DU MUGUET	21							Non					annuel    	2013-05-02	2014-01-10	14 	2013-06-06	1
128	trs	01	DP	100040	102	2	Non	2	2013-04-04	demo	M.	M	AUBAGNE2		MARC	1960-03-26	13	BOUCHES-DU-RHONE	13 005	AUBAGNE	FRA	7	RUE BASSE	10	bis		13 203	MARSEILLE 03	2		Non					j5        	2013-04-04	2014-01-10	11 	2013-04-04	1
132	trs	01	DC	100036	102	2	Non	2	2013-04-04	demo	M.	M	AUBAGNEOFF		JP	1994-01-01	83	VAR	83 137	TOULON	FRA	4	AVENUE DU HUIT MAI	0					2		Non					j5        	2013-04-04	2014-01-10	11 	2013-04-04	1
105	actif	03	CC	0	101	1	Non	0	2013-01-11	demo	M.	M	ZAMORA		ALBERT	1953-01-12	59	NORD	59 512	ROUBAIX	BEL	1	RUE DE L'HOTEL DE VILLE	106			13 007	AURIOL			Non					annuel    	\N	2013-01-10	\N	\N	1
113	trs	01	IO	100053	101	1	Oui	0	2013-02-01	demo	M.	M	LE GRASSE		ROGER-PIERRE	1981-06-28	67	BAS-RHIN	67 482	STRASBOURG	FRA	3	RUE CHARLES DE GAULLE	5							Non					j5        	2013-02-19	2013-01-10	\N	\N	1
137	trs	01	IO	100074	101	1	Oui	0	2013-04-11	demo	M.	M	TEST		PRENOM	1970-04-03	64	PYRENEES-ATLANTIQUES	64 445	PAU	FRA	2	AVENUE DE LA LIBERATION	23		APPT 16 DOMAINE 'AAA'					Non					annuel    	2013-05-02	2014-01-10	14 	2013-06-06	1
109	trs	01	PI	100059	102	2	Non	0	2013-01-11	demo	M.	M	DUPONT		THOMAS	1960-01-01	13	BOUCHES-DU-RHONE	13 063	MIRAMAS	FRA	7	RUE BASSE	0							Non					annuel    	2013-03-26	2013-01-10	\N	\N	1
117	trs	01	PI	100068	101	1	Oui	0	2013-03-07	demo	M.	M	AZERTY		FRANCOIS	1962-03-01	80	SOMME	80 010	AILLY-SUR-NOYE	FRA	2	AVENUE DE LA LIBERATION	38							Non					annuel    	2013-04-04	2013-02-28	9  	2013-03-07	1
129	trs	01	DC	100041	103	3	Non	1	2013-04-04	demo	M.	M	AUBAGNE3		LOUIS	1970-01-01	13	BOUCHES-DU-RHONE	13 056	MARTIGUES	FRA	5	BOULEVARD MAQUIS MARCEAU	10			75 103	PARIS 3	3		Non					j5        	2013-04-04	2014-01-10	11 	2013-04-04	1
77	trs	01	CC	100042	102	2	Non	0	2012-11-15	demo	M.	M	DADOU		DAVID	1979-12-11	13	BOUCHES-DU-RHONE	13 055	MARSEILLE	FRA	3	RUE CHARLES DE GAULLE	6			13 005	AUBAGNE			Non					annuel    	2013-01-08	2013-01-10	\N	\N	1
74	trs	01	240	100038	101	1	Non	0	2012-11-14	demo	M.	M	MANMAN		TEST	1995-02-19	10	AUBE	10 387	TROYES	FRA	1	RUE DE L'HOTEL DE VILLE	1							Non					j5        	2012-12-21	2013-01-10	\N	\N	1
89	trs	01	RA	100033	101	1	Non	2	2012-12-19	demo	M.	M	ANATOLE		DENIS	1994-10-04	60	OISE	60 001	ABANCOURT	FRA	2	AVENUE DE LA LIBERATION	12					1		Non					j5        	2012-12-19	2013-01-10	\N	\N	1
70	trs	01	DN	100025	101	1	Oui	5	2012-10-24	demo	M.	M	DUPONT		JEAN	1994-03-18	13	BOUCHES-DU-RHONE	13 055	MARSEILLE	FRA	7	RUE BASSE	12					1		Non					j5        	2012-12-19	2013-01-10	\N	\N	1
83	trs	01	DC	100013	103	3	Non	2	2012-11-16	demo	Mme	F	LEDUC	MILLET	CANDICE	1965-06-14	99134	ESPAGNE	99134	MADRID (ESPAGNE)	FRA	6	PLACE CASTELLANE	156			16 002	LES ADJOTS	3	DCD LE 10102012 A AUBAGNE	Non					j5        	2012-12-19	2013-01-10	\N	\N	1
72	trs	01	IO	100036	102	2	Non	0	2012-10-24	demo	M.	M	AUBAGNEOFF		JP	1994-01-01	83	VAR	83 137	TOULON	FRA	4	AVENUE DU HUIT MAI	0							Non					j5        	2012-12-19	2013-01-10	\N	\N	1
88	trs	01	IO	100037	101	1	Oui	0	2012-12-14	demo	M.	M	TEST		EE	1981-12-09	20	CORSE	20 004	AJACCIO	FRA	3	RUE CHARLES DE GAULLE	1		AAAAAAA					Non					j5        	2012-12-19	2013-01-10	\N	\N	1
67	trs	01	PI	100039	102	2	Non	0	2012-10-24	demo	M.	M	AUBAGNE	AUBAGNE	MIREILLE	1962-03-25	83	VAR	83 123	SANARY-SUR-MER	SUE	3	RUE CHARLES DE GAULLE	6							Non					annuel    	2013-01-08	2013-01-10	\N	\N	1
68	trs	01	CC	100040	102	2	Non	0	2012-10-24	demo	M.	M	AUBAGNE2		MARC	1960-03-26	13	BOUCHES-DU-RHONE	13 005	AUBAGNE	FRA	8	RUE DU MUGUET	8			13 203	MARSEILLE 03			Non					annuel    	2013-01-08	2013-01-10	\N	\N	1
69	trs	01	CC	100041	103	3	Non	0	2012-10-24	demo	M.	M	AUBAGNE3		LOUIS	1970-01-01	13	BOUCHES-DU-RHONE	13 056	MARTIGUES	FRA	5	BOULEVARD MAQUIS MARCEAU	10			75 103	PARIS 3			Non					annuel    	2013-01-08	2013-01-10	\N	\N	1
78	trs	01	CC	100043	102	2	Non	0	2012-11-15	demo	M.	M	DAVID		ROBERT	1980-12-21	77	SEINE-ET-MARNE	77 288	MELUN	ALL	3	RUE CHARLES DE GAULLE	6			11 161	GARDIE			Non					annuel    	2013-01-08	2013-01-10	\N	\N	1
87	trs	01	CC	100044	101	1	Non	0	2012-12-06	demo	M.	M	DUPONT		GILBERT	1965-02-15	74	HAUTE-SAVOIE	74 001	ABONDANCE	FRA	1	RUE DE L'HOTEL DE VILLE	12			74 001	ABONDANCE			Non					annuel    	2013-01-08	2013-01-10	\N	\N	1
90	trs	01	PI	100045	102	2	Non	0	2012-12-21	demo	M.	M	DUPONT		JEAN	1970-01-01	13	BOUCHES-DU-RHONE	13 009	LA BARBEN	FRA	3	RUE CHARLES DE GAULLE	3							Non					annuel    	2013-01-08	2013-01-10	\N	\N	1
85	trs	01	CC	100046	101	1	Non	0	2012-12-04	demo	M.	M	DUPONT		JEAN	1968-05-20	13	BOUCHES-DU-RHONE	13 040	FUVEAU	FRA	2	AVENUE DE LA LIBERATION	12			13 056	MARTIGUES			Non					annuel    	2013-01-08	2013-01-10	\N	\N	1
86	trs	01	CC	100047	101	1	Non	0	2012-12-06	demo	M.	M	DURAND		GEORGES	1968-05-20	74	HAUTE-SAVOIE	74 014	ARACHES	FRA	1	RUE DE L'HOTEL DE VILLE	12			74 014	ARACHES			Non					annuel    	2013-01-08	2013-01-10	\N	\N	1
79	trs	01	PI	100048	102	2	Non	0	2012-11-16	demo	M.	M	FABRE		LOIC	1994-06-26	59	NORD	59 350	LILLE	FRA	3	RUE CHARLES DE GAULLE	26			33 063	BORDEAUX			Non					annuel    	2013-01-08	2013-01-10	\N	\N	1
80	trs	01	CC	100049	102	2	Non	0	2012-12-18	demo	M.	M	LAURENT		PIERRE PAUL	1945-11-14	59	NORD	59 512	ROUBAIX	FRA	3	RUE CHARLES DE GAULLE	32			13 005	AUBAGNE			Non					annuel    	2013-01-08	2013-01-10	\N	\N	1
84	trs	01	CC	100050	101	1	Non	0	2012-11-29	demo	M.	M	TARTINE		JEANNE	1970-01-01	13	BOUCHES-DU-RHONE	13 016	LA BOUILLADISSE	FRA	1	RUE DE L'HOTEL DE VILLE	12			13 201	MARSEILLE 01			Non					annuel    	2013-01-08	2013-01-10	\N	\N	1
82	trs	01	CC	100051	102	2	Non	0	2012-11-16	demo	Mme	F	VENUS		ANDREE	1956-11-22	06	ALPES-MARITIMES	06 011	BEAULIEU-SUR-MER	FRA	3	RUE CHARLES DE GAULLE	32			06 004	ANTIBES			Non					annuel    	2013-01-08	2013-01-10	\N	\N	1
92	trs	01	CC	100052	102	2	Non	0	2013-01-08	demo	Mme	F	VITOBELLO		MARYSE	1956-12-01	13	BOUCHES-DU-RHONE	13 055	MARSEILLE	FRA	3	RUE CHARLES DE GAULLE	6			13 028	LA CIOTAT			Non					annuel    	2013-01-08	2013-01-10	\N	\N	1
81	trs	01	CB	100034	101	1	Oui	3	2012-11-16	demo	M.	M	BIG		BOB	1983-01-01	67	BAS-RHIN	67 001	ACHENHEIM	FRA	3	RUE CHARLES DE GAULLE	5					1		Non					annuel    	2013-01-08	2013-01-10	\N	\N	1
76	trs	01	CB	100010	101	1	Non	4	2012-11-14	demo	Mlle	F	DANIEL		EMILIE	1976-01-29	14	CALVADOS	14 654	SAINT-PIERRE-SUR-DIVES	FRA	1	RUE DE L'HOTEL DE VILLE	14			13 004	ARLES	1		Non					annuel    	2013-01-08	2013-01-10	\N	\N	1
73	trs	01	CB	100003	101	1	Oui	0	2012-11-09	demo	Mlle	F	FLEURY		MELISSA	1945-03-14	87	HAUTE-VIENNE	87 085	LIMOGES	FRA	8	RUE DU MUGUET	156		CHEZ MR DURAND			2		Non					annuel    	2013-01-08	2013-01-10	\N	\N	1
71	trs	01	CB	100022	101	1	Non	0	2012-10-24	demo	M.	M	MARAIS		RATIBA	1967-03-20	28	EURE-ET-LOIR	28 134	DREUX	FRA	1	RUE DE L'HOTEL DE VILLE	30			35 024	BETTON	3		Non					annuel    	2013-01-08	2013-01-10	\N	\N	1
75	trs	01	EC	100006	103	3	Non	5	2012-11-14	demo	Mlle	F	PERRIN	DUPONT	ESTHER	1985-10-04	13	BOUCHES-DU-RHONE	13 004	ARLES	FRA	5	BOULEVARD MAQUIS MARCEAU	2					3		Non					annuel    	2013-01-08	2013-01-10	\N	\N	1
91	trs	01	EC	100007	102	2	Non	8	2012-12-21	demo	Mme	F	RAUSCHENBERG	DUPONT	AMANDINE	1992-03-07	30	GARD	30 026	AVEZE	FRA	4	AVENUE DU HUIT MAI	52					2		Non					annuel    	2013-01-08	2013-01-10	\N	\N	1
126	trs	01	PI	100069	103	3	Non	0	2013-03-26	demo	Mlle	F	HANANE INNOVA	HANANE	INNOVA	1980-03-10	28	EURE-ET-LOIR	28 001	ABONDANT	FRA	5	BOULEVARD MAQUIS MARCEAU	0							Non					annuel    	2013-04-04	2013-02-28	\N	\N	1
106	actif	03	CC	0	101	1	Non	0	2013-01-11	demo	M.	M	ZAMORA		ALBERT	1953-01-12	59	NORD	59 512	ROUBAIX	BEL	1	RUE DE L'HOTEL DE VILLE	106			13 007	AURIOL			Non					annuel    	\N	2013-01-10	\N	\N	1
118	trs	01	CB	100041	103	3	Non	1	2013-03-12	demo	M.	M	AUBAGNE3		LOUIS	1970-01-01	13	BOUCHES-DU-RHONE	13 056	MARTIGUES	FRA	5	BOULEVARD MAQUIS MARCEAU	10			75 103	PARIS 3	3		Non					annuel    	2013-04-04	2013-02-28	\N	\N	1
95	trs	01	PI	100057	103	3	Non	0	2013-01-10	demo	M.	M	BELLOZ		PHILIPPE	1933-12-12	59	NORD	59 350	LILLE	BEL	5	BOULEVARD MAQUIS MARCEAU	1							Non					annuel    	2013-03-26	2013-01-10	\N	\N	1
93	trs	01	PI	100058	103	3	Non	0	2013-01-10	demo	M.	M	CAMILLE		LOUIS	1951-09-01	69	RHONE	69 383	LYON 03	FRA	6	PLACE CASTELLANE	3			31 555	TOULOUSE			Non	AV MARCEL PAUL		13	MARSEILLE	annuel    	2013-03-26	2013-01-10	\N	\N	1
94	trs	01	CC	100060	101	1	Non	0	2013-01-10	demo	Mme	F	SAUVEUR		BEATRICE	1981-05-26	81	TARN	81 099	GAILLAC	FRA	2	AVENUE DE LA LIBERATION	10			34 172	MONTPELLIER			Non					annuel    	2013-03-26	2013-01-10	\N	\N	1
110	trs	01	DC	100039	102	2	Non	10	2013-01-15	demo	M.	M	AUBAGNE	AUBAGNE	MIREILLE	1962-03-25	83	VAR	83 123	SANARY-SUR-MER	SUE	3	RUE CHARLES DE GAULLE	6					2		Non					j5        	2013-02-19	2013-01-10	\N	\N	1
99	trs	01	DC	100010	101	1	Non	4	2013-01-10	demo	Mlle	F	DANIEL		EMILIE	1976-01-29	14	CALVADOS	14 654	SAINT-PIERRE-SUR-DIVES	FRA	1	RUE DE L'HOTEL DE VILLE	14			13 004	ARLES	1		Non					j5        	2013-02-19	2013-01-10	\N	\N	1
101	trs	01	L5	100011	101	1	Non	6	2013-01-10	demo	M.	M	ELLERI		RAPHAEL	1959-10-28	83	VAR	83 065	GASSIN	FRA	2	AVENUE DE LA LIBERATION	54	ter				1		Non					j5        	2013-02-19	2013-01-10	\N	\N	1
102	trs	01	DM	100003	101	1	Oui	19	2013-01-10	demo	Mlle	F	FLEURY		MELISSA	1945-03-14	87	HAUTE-VIENNE	87 085	LIMOGES	FRA	8	RUE DU MUGUET	156		CHEZ MR DURAND			1		Non					j5        	2013-02-19	2013-01-10	\N	\N	1
96	trs	01	PI	100061	102	2	Non	0	2013-01-10	demo	M.	M	SOLEIL		GERARD	1940-01-01	13	BOUCHES-DU-RHONE	13 007	AURIOL	FRA	3	RUE CHARLES DE GAULLE	29			13 007	AURIOL			Non					annuel    	2013-03-26	2013-01-10	\N	\N	1
98	trs	01	CC	100062	101	1	Non	0	2013-01-10	demo	M.	M	TARTINE		JOEL	1942-05-14	83	VAR	83 120	SAINT-ZACHARIE	FRA	1	RUE DE L'HOTEL DE VILLE	43			13 030	CUGES-LES-PINS			Non					annuel    	2013-03-26	2013-01-10	\N	\N	1
97	trs	01	CC	100063	101	1	Non	0	2013-01-10	demo	Mme	F	VENISE		BERNADETTE	1946-06-24	13	BOUCHES-DU-RHONE	13 043	GIGNAC-LA-NERTHE	FRA	1	RUE DE L'HOTEL DE VILLE	15			34 032	BEZIERS			Non					annuel    	2013-03-26	2013-01-10	\N	\N	1
114	trs	01	CB	100040	102	2	Non	2	2013-02-19	demo	M.	M	AUBAGNE2		MARC	1960-03-26	13	BOUCHES-DU-RHONE	13 005	AUBAGNE	FRA	7	RUE BASSE	10	bis		13 203	MARSEILLE 03	2		Non					annuel    	2013-03-26	2013-01-10	\N	\N	1
140	actif	02	CC	0	101	1	Non	0	2013-05-02	demo	Mme	F	LACROIX		SOPHIE	1975-03-25	99134	ESPAGNE	99 	BARCELONE	ESP	2	AVENUE DE LA LIBERATION	25		IMPASSE DE LA LIBERATION	99	ESPAGNE			Non					annuel    	\N	2014-01-10	\N	\N	1
134	trs	01	CB	100054	102	2	Oui	0	2013-04-04	demo	M.	M	ABAY		BARAN	1994-08-09	28	EURE-ET-LOIR	28 134	DREUX	FRA	1	RUE DE L'HOTEL DE VILLE	16					1		Non					annuel    	2013-05-02	2014-01-10	\N	\N	1
130	trs	01	CC	100071	101	1	Non	0	2013-04-04	demo	M.	M	AUBAGNE		RAOUL	1967-04-02	75	PARIS	75 073	SURESNES	FRA	1	RUE DE L'HOTEL DE VILLE	10			13 056	MARTIGUES			Oui	10 RUE DU BOURG		13010	MARSEILLE	annuel    	2013-05-02	2014-01-10	11 	2013-04-04	1
138	trs	01	CB	100030	101	1	Non	16	2013-04-11	demo	M.	M	TEST		TEST	1980-01-01	10	AUBE	10 387	TROYES	FRA	1	RUE DE L'HOTEL DE VILLE	1		COMPLEMENT AS			1		Non					annuel    	2013-05-02	2014-01-10	\N	\N	1
145	trs	01	CB	100054	102	2	Oui	23	2013-05-29	demo	M.	M	ABAY		BARAN	1994-08-09	28	EURE-ET-LOIR	28 134	DREUX	FRA	3	RUE CHARLES DE GAULLE	25					2		Non					annuel    	2013-05-30	2014-01-10	\N	\N	1
143	trs	01	CB	100044	102	2	Non	0	2013-05-14	demo	M.	M	DUPONT		GILBERT	1965-02-15	74	HAUTE-SAVOIE	74 001	ABONDANCE	FRA	7	RUE BASSE	24	bis		74 001	ABONDANCE	1		Non					annuel    	2013-05-30	2014-01-10	\N	\N	1
146	trs	01	PI	100075	101	1	Non	0	2013-05-30	demo	M.	M	DURAND		JACQUES	1995-05-01	59	NORD	59 350	LILLE	FRA	2	AVENUE DE LA LIBERATION	34							Non					annuel    	2013-05-30	2014-01-10	14 	2013-06-06	1
148	trs	01	CB	100056	101	1	Non	0	2013-05-31	demo	M.	M	AUBAGNE		JEAN	1968-10-25	44	LOIRE-ATLANTIQUE	44 084	LE LOROUX-BOTTEREAU	FRA	2	AVENUE DE LA LIBERATION	12			13 015	BOUC-BEL-AIR	2		Non					annuel    	2013-05-31	2014-01-10	\N	\N	1
151	actif	01	DP	100056	101	1	Non	30	2013-06-03	demo	M.	M	AUBAGNE		JEAN	1968-10-25	44	LOIRE-ATLANTIQUE	44 084	LE LOROUX-BOTTEREAU	FRA	2	AVENUE DE LA LIBERATION	12			13 015	BOUC-BEL-AIR	1		Non					annuel    	\N	2014-02-28	13 	2013-06-03	1
152	actif	01	CB	100044	101	1	Non	0	2013-06-05	demo	M.	M	DUPONT		GILBERT	1965-02-15	74	HAUTE-SAVOIE	74 001	ABONDANCE	FRA	1	RUE DE L'HOTEL DE VILLE	24	bis		74 001	ABONDANCE	2		Non					annuel    	\N	2014-02-28	\N	\N	1
141	trs	01	DP	100067	101	1	Oui	23	2013-05-02	demo	M.	M	ALBERT		CHRISTOPHE	1974-07-07	80	SOMME	80 021	AMIENS	FRA	2	AVENUE DE LA LIBERATION	38					1		Non					annuel    	2013-05-02	2014-01-10	14 	2013-06-06	1
149	trs	01	DP	100071	101	1	Non	26	2013-05-31	demo	M.	M	AUBAGNE		RAOUL	1967-04-02	75	PARIS	75 073	SURESNES	FRA	1	RUE DE L'HOTEL DE VILLE	10			13 056	MARTIGUES	1		Oui	10 RUE DU BOURG		13010	MARSEILLE	annuel    	2013-05-31	2014-01-10	14 	2013-06-06	1
144	trs	01	DP	100045	102	2	Non	6	2013-05-27	demo	M.	M	DUPONT		JEAN	1970-01-01	13	BOUCHES-DU-RHONE	13 009	LA BARBEN	FRA	3	RUE CHARLES DE GAULLE	3					2		Non					annuel    	2013-05-30	2014-01-10	14 	2013-06-06	1
139	trs	01	220	100072	101	1	Non	0	2013-04-22	demo	M.	M	DUPONT		JEAN	1970-04-19	13	BOUCHES-DU-RHONE	13 010	BARBENTANE	FRA	1	RUE DE L'HOTEL DE VILLE	10			26 001	AIX-EN-DIOIS			Non					annuel    	2013-05-02	2014-01-10	14 	2013-06-06	1
147	trs	01	CC	100076	102	2	Non	0	2013-05-31	demo	Mme	F	LACROIX		SOPHIE	1968-03-18	99441	ANTIGUA-ET-BARBUDA	99	BARBUDA	FRA	4	AVENUE DU HUIT MAI	5			75 001	ALFORTVILLE			Non					annuel    	2013-05-31	2014-01-10	14 	2013-06-06	1
150	trs	01	CC	100077	103	3	Non	0	2013-05-31	demo	Mme	F	MALBRANQUE		BERNADETTE	1958-07-06	59	NORD	59 560	SECLIN	FRA	5	BOULEVARD MAQUIS MARCEAU	2			62 132	BILLY-BERCLAU			Non					annuel    	2013-05-31	2014-01-10	14 	2013-06-06	1
153	actif	01	220	0	101	1	Oui	0	2013-06-11	demo	M.	M	ABDI		GGH	1980-06-06	75	PARIS	75 001	ALFORTVILLE	FRA	2	AVENUE DE LA LIBERATION	10							Non					annuel    	\N	2014-01-10	\N	\N	1
154	actif	01	PI	0	101	1	Non	0	2013-06-12	demo	M.	M	LACROIX		PAUL	1968-03-18	75	PARIS	75 001	ALFORTVILLE	FRA	2	AVENUE DE LA LIBERATION	0							Oui	113 BOULEVARD PONT DE VIVAUX		13010	MARSEILLE	annuel    	\N	2014-01-10	\N	\N	1
156	actif	01	PI	0	101	1	Non	0	2013-06-14	demo	M.	M	LACROIX		HUBERT	1967-04-02	10	AUBE	10 024	AVREUIL	FRA	1	RUE DE L'HOTEL DE VILLE	90							Non					annuel    	\N	2014-01-10	\N	\N	1
157	actif	01	IO	0	103	3	Non	0	2013-06-26	demo	M.	M	BONNET		HERVE	1968-04-25	13	BOUCHES-DU-RHONE	13 015	BOUC-BEL-AIR	FRA	6	PLACE CASTELLANE	12							Non					annuel    	\N	2014-01-10	\N	\N	1
\.


--
-- Name: mouvement_seq; Type: SEQUENCE SET; Schema: public; Owner: -
--

SELECT pg_catalog.setval('mouvement_seq', 158, false);


--
-- Data for Name: numerobureau; Type: TABLE DATA; Schema: public; Owner: -
--

COPY numerobureau (id, om_collectivite, liste, bureau, dernier_numero, dernier_numero_provisoire) FROM stdin;
91021	1	02	101	0	9000
91022	1	02	102	0	9000
91032	1	03	102	0	9000
91023	1	02	103	0	9000
91033	1	03	103	0	9000
91012	1	01	102	25	9000
91013	1	01	103	9	9000
91011	1	01	101	30	9000
91031	1	03	101	1	9000
\.


--
-- Data for Name: parametrage_nb_jures; Type: TABLE DATA; Schema: public; Owner: -
--

COPY parametrage_nb_jures (id, canton, om_collectivite, nb_jures) FROM stdin;
1	121	1	10
\.


--
-- Name: parametrage_nb_jures_id_seq; Type: SEQUENCE SET; Schema: public; Owner: -
--

SELECT pg_catalog.setval('parametrage_nb_jures_id_seq', 2, false);


--
-- Data for Name: procuration; Type: TABLE DATA; Schema: public; Owner: -
--

--COPY procuration (id, date_modif, utilisateur, mandant, mandataire, debut_validite, fin_validite, types, origine1, origine2, refus, date_accord, heure_accord, motif_refus) FROM stdin;
--8	2012-11-14	demo	100004	100027	2012-01-01	2014-12-31	HF	Gendarmerie		O 	2012-01-01	15:15:00	\N
--11	2013-01-10	demo	100034	100042	2014-04-01	2014-04-16	EF	aaa	bbb	N 	2013-01-10	12:30:00	\N
--12	2013-01-10	demo	100044	100050	2012-04-24	2013-04-24	EF	POLICE NATIONALE		O 	2012-04-24	15:00:00	\N
--16	2013-06-25	demo	100027	100042	2013-06-01	2013-06-21	EF			N 	2013-06-28	12:00:00	\N
--\.


--
-- Name: procuration_seq; Type: SEQUENCE SET; Schema: public; Owner: -
--

SELECT pg_catalog.setval('procuration_seq', 17, false);


--
-- Data for Name: voie; Type: TABLE DATA; Schema: public; Owner: -
--

COPY voie (code, libelle_voie, cp, ville, abrege, om_collectivite) FROM stdin;
1	RUE DE L'HOTEL DE VILLE	35210	LIBREVILLE	\N	1
2	AVENUE DE LA LIBERATION	35210	LIBREVILLE	\N	1
3	RUE CHARLES DE GAULLE	35210	LIBREVILLE	\N	1
4	AVENUE DU HUIT MAI	35210	LIBREVILLE	\N	1
5	BOULEVARD MAQUIS MARCEAU	35210	LIBREVILLE	\N	1
6	PLACE CASTELLANE	35210	LIBREVILLE	\N	1
7	RUE BASSE	35210	LIBREVILLE	\N	1
8	RUE DU MUGUET	35210	LIBREVILLE	\N	1
9	AVENUE DES LOTS	35210	LIBREVILLE	\N	1
\.


--
-- Name: voie_seq; Type: SEQUENCE SET; Schema: public; Owner: -
--

SELECT pg_catalog.setval('voie_seq', 10, false);


--
-- Data for Name: decoupage; Type: TABLE DATA; Schema: public; Owner: -
--

COPY decoupage (id, bureau, code_voie, premier_impair, dernier_impair, premier_pair, dernier_pair) FROM stdin;
1	101	1	1	90001	0	90000
2	101	2	1	90001	0	90000
3	102	4	1	90001	0	90000
4	103	5	1	90001	0	90000
5	103	6	1	90001	0	90000
6	102	7	1	90001	0	90000
7	102	8	1	90001	0	90000
8	102	3	1	90001	0	90000
9	101	9	1	35	0	24
10	102	9	35	71	26	90
11	103	9	73	90001	92	90000
\.


--
-- Name: decoupage_seq; Type: SEQUENCE SET; Schema: public; Owner: -
--

SELECT pg_catalog.setval('decoupage_seq', 12, false);


--
-- Data for Name: piece_type; Type: TABLE DATA; Schema: public; Owner: -
--

COPY piece_type (id, libelle, code, description, om_validite_debut, om_validite_fin) FROM stdin;
1	Justificatif Domicile	JD	\N	\N	\N
2	Cerfa	CF	\N	\N	\N
\.


--
-- Name: decoupage_seq; Type: SEQUENCE SET; Schema: public; Owner: -
--

SELECT pg_catalog.setval('piece_type_seq', 3, false);


--
-- PostgreSQL database dump complete
--

